ID,Overetch,Distance,Angle
1,0.1,1.5,1.0
2,0.1,1.5,0.7777777777777778
3,0.1,1.5,0.5555555555555556
4,0.1,1.5,0.33333333333333337
5,0.1,1.5,0.11111111111111116
6,0.1,1.5,-0.11111111111111116
7,0.1,1.5,-0.33333333333333326
8,0.1,1.5,-0.5555555555555554
9,0.1,1.5,-0.7777777777777777
10,0.1,1.5,-1.0
11,0.1,1.6111111111111112,1.0
12,0.1,1.6111111111111112,0.7777777777777778
13,0.1,1.6111111111111112,0.5555555555555556
14,0.1,1.6111111111111112,0.33333333333333337
15,0.1,1.6111111111111112,0.11111111111111116
16,0.1,1.6111111111111112,-0.11111111111111116
17,0.1,1.6111111111111112,-0.33333333333333326
18,0.1,1.6111111111111112,-0.5555555555555554
19,0.1,1.6111111111111112,-0.7777777777777777
20,0.1,1.6111111111111112,-1.0
21,0.1,1.7222222222222223,1.0
22,0.1,1.7222222222222223,0.7777777777777778
23,0.1,1.7222222222222223,0.5555555555555556
24,0.1,1.7222222222222223,0.33333333333333337
25,0.1,1.7222222222222223,0.11111111111111116
26,0.1,1.7222222222222223,-0.11111111111111116
27,0.1,1.7222222222222223,-0.33333333333333326
28,0.1,1.7222222222222223,-0.5555555555555554
29,0.1,1.7222222222222223,-0.7777777777777777
30,0.1,1.7222222222222223,-1.0
31,0.1,1.8333333333333333,1.0
32,0.1,1.8333333333333333,0.7777777777777778
33,0.1,1.8333333333333333,0.5555555555555556
34,0.1,1.8333333333333333,0.33333333333333337
35,0.1,1.8333333333333333,0.11111111111111116
36,0.1,1.8333333333333333,-0.11111111111111116
37,0.1,1.8333333333333333,-0.33333333333333326
38,0.1,1.8333333333333333,-0.5555555555555554
39,0.1,1.8333333333333333,-0.7777777777777777
40,0.1,1.8333333333333333,-1.0
41,0.1,1.9444444444444444,1.0
42,0.1,1.9444444444444444,0.7777777777777778
43,0.1,1.9444444444444444,0.5555555555555556
44,0.1,1.9444444444444444,0.33333333333333337
45,0.1,1.9444444444444444,0.11111111111111116
46,0.1,1.9444444444444444,-0.11111111111111116
47,0.1,1.9444444444444444,-0.33333333333333326
48,0.1,1.9444444444444444,-0.5555555555555554
49,0.1,1.9444444444444444,-0.7777777777777777
50,0.1,1.9444444444444444,-1.0
51,0.1,2.0555555555555554,1.0
52,0.1,2.0555555555555554,0.7777777777777778
53,0.1,2.0555555555555554,0.5555555555555556
54,0.1,2.0555555555555554,0.33333333333333337
55,0.1,2.0555555555555554,0.11111111111111116
56,0.1,2.0555555555555554,-0.11111111111111116
57,0.1,2.0555555555555554,-0.33333333333333326
58,0.1,2.0555555555555554,-0.5555555555555554
59,0.1,2.0555555555555554,-0.7777777777777777
60,0.1,2.0555555555555554,-1.0
61,0.1,2.1666666666666665,1.0
62,0.1,2.1666666666666665,0.7777777777777778
63,0.1,2.1666666666666665,0.5555555555555556
64,0.1,2.1666666666666665,0.33333333333333337
65,0.1,2.1666666666666665,0.11111111111111116
66,0.1,2.1666666666666665,-0.11111111111111116
67,0.1,2.1666666666666665,-0.33333333333333326
68,0.1,2.1666666666666665,-0.5555555555555554
69,0.1,2.1666666666666665,-0.7777777777777777
70,0.1,2.1666666666666665,-1.0
71,0.1,2.2777777777777777,1.0
72,0.1,2.2777777777777777,0.7777777777777778
73,0.1,2.2777777777777777,0.5555555555555556
74,0.1,2.2777777777777777,0.33333333333333337
75,0.1,2.2777777777777777,0.11111111111111116
76,0.1,2.2777777777777777,-0.11111111111111116
77,0.1,2.2777777777777777,-0.33333333333333326
78,0.1,2.2777777777777777,-0.5555555555555554
79,0.1,2.2777777777777777,-0.7777777777777777
80,0.1,2.2777777777777777,-1.0
81,0.1,2.388888888888889,1.0
82,0.1,2.388888888888889,0.7777777777777778
83,0.1,2.388888888888889,0.5555555555555556
84,0.1,2.388888888888889,0.33333333333333337
85,0.1,2.388888888888889,0.11111111111111116
86,0.1,2.388888888888889,-0.11111111111111116
87,0.1,2.388888888888889,-0.33333333333333326
88,0.1,2.388888888888889,-0.5555555555555554
89,0.1,2.388888888888889,-0.7777777777777777
90,0.1,2.388888888888889,-1.0
91,0.1,2.5,1.0
92,0.1,2.5,0.7777777777777778
93,0.1,2.5,0.5555555555555556
94,0.1,2.5,0.33333333333333337
95,0.1,2.5,0.11111111111111116
96,0.1,2.5,-0.11111111111111116
97,0.1,2.5,-0.33333333333333326
98,0.1,2.5,-0.5555555555555554
99,0.1,2.5,-0.7777777777777777
100,0.1,2.5,-1.0
101,0.15555555555555556,1.5,1.0
102,0.15555555555555556,1.5,0.7777777777777778
103,0.15555555555555556,1.5,0.5555555555555556
104,0.15555555555555556,1.5,0.33333333333333337
105,0.15555555555555556,1.5,0.11111111111111116
106,0.15555555555555556,1.5,-0.11111111111111116
107,0.15555555555555556,1.5,-0.33333333333333326
108,0.15555555555555556,1.5,-0.5555555555555554
109,0.15555555555555556,1.5,-0.7777777777777777
110,0.15555555555555556,1.5,-1.0
111,0.15555555555555556,1.6111111111111112,1.0
112,0.15555555555555556,1.6111111111111112,0.7777777777777778
113,0.15555555555555556,1.6111111111111112,0.5555555555555556
114,0.15555555555555556,1.6111111111111112,0.33333333333333337
115,0.15555555555555556,1.6111111111111112,0.11111111111111116
116,0.15555555555555556,1.6111111111111112,-0.11111111111111116
117,0.15555555555555556,1.6111111111111112,-0.33333333333333326
118,0.15555555555555556,1.6111111111111112,-0.5555555555555554
119,0.15555555555555556,1.6111111111111112,-0.7777777777777777
120,0.15555555555555556,1.6111111111111112,-1.0
121,0.15555555555555556,1.7222222222222223,1.0
122,0.15555555555555556,1.7222222222222223,0.7777777777777778
123,0.15555555555555556,1.7222222222222223,0.5555555555555556
124,0.15555555555555556,1.7222222222222223,0.33333333333333337
125,0.15555555555555556,1.7222222222222223,0.11111111111111116
126,0.15555555555555556,1.7222222222222223,-0.11111111111111116
127,0.15555555555555556,1.7222222222222223,-0.33333333333333326
128,0.15555555555555556,1.7222222222222223,-0.5555555555555554
129,0.15555555555555556,1.7222222222222223,-0.7777777777777777
130,0.15555555555555556,1.7222222222222223,-1.0
131,0.15555555555555556,1.8333333333333333,1.0
132,0.15555555555555556,1.8333333333333333,0.7777777777777778
133,0.15555555555555556,1.8333333333333333,0.5555555555555556
134,0.15555555555555556,1.8333333333333333,0.33333333333333337
135,0.15555555555555556,1.8333333333333333,0.11111111111111116
136,0.15555555555555556,1.8333333333333333,-0.11111111111111116
137,0.15555555555555556,1.8333333333333333,-0.33333333333333326
138,0.15555555555555556,1.8333333333333333,-0.5555555555555554
139,0.15555555555555556,1.8333333333333333,-0.7777777777777777
140,0.15555555555555556,1.8333333333333333,-1.0
141,0.15555555555555556,1.9444444444444444,1.0
142,0.15555555555555556,1.9444444444444444,0.7777777777777778
143,0.15555555555555556,1.9444444444444444,0.5555555555555556
144,0.15555555555555556,1.9444444444444444,0.33333333333333337
145,0.15555555555555556,1.9444444444444444,0.11111111111111116
146,0.15555555555555556,1.9444444444444444,-0.11111111111111116
147,0.15555555555555556,1.9444444444444444,-0.33333333333333326
148,0.15555555555555556,1.9444444444444444,-0.5555555555555554
149,0.15555555555555556,1.9444444444444444,-0.7777777777777777
150,0.15555555555555556,1.9444444444444444,-1.0
151,0.15555555555555556,2.0555555555555554,1.0
152,0.15555555555555556,2.0555555555555554,0.7777777777777778
153,0.15555555555555556,2.0555555555555554,0.5555555555555556
154,0.15555555555555556,2.0555555555555554,0.33333333333333337
155,0.15555555555555556,2.0555555555555554,0.11111111111111116
156,0.15555555555555556,2.0555555555555554,-0.11111111111111116
157,0.15555555555555556,2.0555555555555554,-0.33333333333333326
158,0.15555555555555556,2.0555555555555554,-0.5555555555555554
159,0.15555555555555556,2.0555555555555554,-0.7777777777777777
160,0.15555555555555556,2.0555555555555554,-1.0
161,0.15555555555555556,2.1666666666666665,1.0
162,0.15555555555555556,2.1666666666666665,0.7777777777777778
163,0.15555555555555556,2.1666666666666665,0.5555555555555556
164,0.15555555555555556,2.1666666666666665,0.33333333333333337
165,0.15555555555555556,2.1666666666666665,0.11111111111111116
166,0.15555555555555556,2.1666666666666665,-0.11111111111111116
167,0.15555555555555556,2.1666666666666665,-0.33333333333333326
168,0.15555555555555556,2.1666666666666665,-0.5555555555555554
169,0.15555555555555556,2.1666666666666665,-0.7777777777777777
170,0.15555555555555556,2.1666666666666665,-1.0
171,0.15555555555555556,2.2777777777777777,1.0
172,0.15555555555555556,2.2777777777777777,0.7777777777777778
173,0.15555555555555556,2.2777777777777777,0.5555555555555556
174,0.15555555555555556,2.2777777777777777,0.33333333333333337
175,0.15555555555555556,2.2777777777777777,0.11111111111111116
176,0.15555555555555556,2.2777777777777777,-0.11111111111111116
177,0.15555555555555556,2.2777777777777777,-0.33333333333333326
178,0.15555555555555556,2.2777777777777777,-0.5555555555555554
179,0.15555555555555556,2.2777777777777777,-0.7777777777777777
180,0.15555555555555556,2.2777777777777777,-1.0
181,0.15555555555555556,2.388888888888889,1.0
182,0.15555555555555556,2.388888888888889,0.7777777777777778
183,0.15555555555555556,2.388888888888889,0.5555555555555556
184,0.15555555555555556,2.388888888888889,0.33333333333333337
185,0.15555555555555556,2.388888888888889,0.11111111111111116
186,0.15555555555555556,2.388888888888889,-0.11111111111111116
187,0.15555555555555556,2.388888888888889,-0.33333333333333326
188,0.15555555555555556,2.388888888888889,-0.5555555555555554
189,0.15555555555555556,2.388888888888889,-0.7777777777777777
190,0.15555555555555556,2.388888888888889,-1.0
191,0.15555555555555556,2.5,1.0
192,0.15555555555555556,2.5,0.7777777777777778
193,0.15555555555555556,2.5,0.5555555555555556
194,0.15555555555555556,2.5,0.33333333333333337
195,0.15555555555555556,2.5,0.11111111111111116
196,0.15555555555555556,2.5,-0.11111111111111116
197,0.15555555555555556,2.5,-0.33333333333333326
198,0.15555555555555556,2.5,-0.5555555555555554
199,0.15555555555555556,2.5,-0.7777777777777777
200,0.15555555555555556,2.5,-1.0
201,0.2111111111111111,1.5,1.0
202,0.2111111111111111,1.5,0.7777777777777778
203,0.2111111111111111,1.5,0.5555555555555556
204,0.2111111111111111,1.5,0.33333333333333337
205,0.2111111111111111,1.5,0.11111111111111116
206,0.2111111111111111,1.5,-0.11111111111111116
207,0.2111111111111111,1.5,-0.33333333333333326
208,0.2111111111111111,1.5,-0.5555555555555554
209,0.2111111111111111,1.5,-0.7777777777777777
210,0.2111111111111111,1.5,-1.0
211,0.2111111111111111,1.6111111111111112,1.0
212,0.2111111111111111,1.6111111111111112,0.7777777777777778
213,0.2111111111111111,1.6111111111111112,0.5555555555555556
214,0.2111111111111111,1.6111111111111112,0.33333333333333337
215,0.2111111111111111,1.6111111111111112,0.11111111111111116
216,0.2111111111111111,1.6111111111111112,-0.11111111111111116
217,0.2111111111111111,1.6111111111111112,-0.33333333333333326
218,0.2111111111111111,1.6111111111111112,-0.5555555555555554
219,0.2111111111111111,1.6111111111111112,-0.7777777777777777
220,0.2111111111111111,1.6111111111111112,-1.0
221,0.2111111111111111,1.7222222222222223,1.0
222,0.2111111111111111,1.7222222222222223,0.7777777777777778
223,0.2111111111111111,1.7222222222222223,0.5555555555555556
224,0.2111111111111111,1.7222222222222223,0.33333333333333337
225,0.2111111111111111,1.7222222222222223,0.11111111111111116
226,0.2111111111111111,1.7222222222222223,-0.11111111111111116
227,0.2111111111111111,1.7222222222222223,-0.33333333333333326
228,0.2111111111111111,1.7222222222222223,-0.5555555555555554
229,0.2111111111111111,1.7222222222222223,-0.7777777777777777
230,0.2111111111111111,1.7222222222222223,-1.0
231,0.2111111111111111,1.8333333333333333,1.0
232,0.2111111111111111,1.8333333333333333,0.7777777777777778
233,0.2111111111111111,1.8333333333333333,0.5555555555555556
234,0.2111111111111111,1.8333333333333333,0.33333333333333337
235,0.2111111111111111,1.8333333333333333,0.11111111111111116
236,0.2111111111111111,1.8333333333333333,-0.11111111111111116
237,0.2111111111111111,1.8333333333333333,-0.33333333333333326
238,0.2111111111111111,1.8333333333333333,-0.5555555555555554
239,0.2111111111111111,1.8333333333333333,-0.7777777777777777
240,0.2111111111111111,1.8333333333333333,-1.0
241,0.2111111111111111,1.9444444444444444,1.0
242,0.2111111111111111,1.9444444444444444,0.7777777777777778
243,0.2111111111111111,1.9444444444444444,0.5555555555555556
244,0.2111111111111111,1.9444444444444444,0.33333333333333337
245,0.2111111111111111,1.9444444444444444,0.11111111111111116
246,0.2111111111111111,1.9444444444444444,-0.11111111111111116
247,0.2111111111111111,1.9444444444444444,-0.33333333333333326
248,0.2111111111111111,1.9444444444444444,-0.5555555555555554
249,0.2111111111111111,1.9444444444444444,-0.7777777777777777
250,0.2111111111111111,1.9444444444444444,-1.0
251,0.2111111111111111,2.0555555555555554,1.0
252,0.2111111111111111,2.0555555555555554,0.7777777777777778
253,0.2111111111111111,2.0555555555555554,0.5555555555555556
254,0.2111111111111111,2.0555555555555554,0.33333333333333337
255,0.2111111111111111,2.0555555555555554,0.11111111111111116
256,0.2111111111111111,2.0555555555555554,-0.11111111111111116
257,0.2111111111111111,2.0555555555555554,-0.33333333333333326
258,0.2111111111111111,2.0555555555555554,-0.5555555555555554
259,0.2111111111111111,2.0555555555555554,-0.7777777777777777
260,0.2111111111111111,2.0555555555555554,-1.0
261,0.2111111111111111,2.1666666666666665,1.0
262,0.2111111111111111,2.1666666666666665,0.7777777777777778
263,0.2111111111111111,2.1666666666666665,0.5555555555555556
264,0.2111111111111111,2.1666666666666665,0.33333333333333337
265,0.2111111111111111,2.1666666666666665,0.11111111111111116
266,0.2111111111111111,2.1666666666666665,-0.11111111111111116
267,0.2111111111111111,2.1666666666666665,-0.33333333333333326
268,0.2111111111111111,2.1666666666666665,-0.5555555555555554
269,0.2111111111111111,2.1666666666666665,-0.7777777777777777
270,0.2111111111111111,2.1666666666666665,-1.0
271,0.2111111111111111,2.2777777777777777,1.0
272,0.2111111111111111,2.2777777777777777,0.7777777777777778
273,0.2111111111111111,2.2777777777777777,0.5555555555555556
274,0.2111111111111111,2.2777777777777777,0.33333333333333337
275,0.2111111111111111,2.2777777777777777,0.11111111111111116
276,0.2111111111111111,2.2777777777777777,-0.11111111111111116
277,0.2111111111111111,2.2777777777777777,-0.33333333333333326
278,0.2111111111111111,2.2777777777777777,-0.5555555555555554
279,0.2111111111111111,2.2777777777777777,-0.7777777777777777
280,0.2111111111111111,2.2777777777777777,-1.0
281,0.2111111111111111,2.388888888888889,1.0
282,0.2111111111111111,2.388888888888889,0.7777777777777778
283,0.2111111111111111,2.388888888888889,0.5555555555555556
284,0.2111111111111111,2.388888888888889,0.33333333333333337
285,0.2111111111111111,2.388888888888889,0.11111111111111116
286,0.2111111111111111,2.388888888888889,-0.11111111111111116
287,0.2111111111111111,2.388888888888889,-0.33333333333333326
288,0.2111111111111111,2.388888888888889,-0.5555555555555554
289,0.2111111111111111,2.388888888888889,-0.7777777777777777
290,0.2111111111111111,2.388888888888889,-1.0
291,0.2111111111111111,2.5,1.0
292,0.2111111111111111,2.5,0.7777777777777778
293,0.2111111111111111,2.5,0.5555555555555556
294,0.2111111111111111,2.5,0.33333333333333337
295,0.2111111111111111,2.5,0.11111111111111116
296,0.2111111111111111,2.5,-0.11111111111111116
297,0.2111111111111111,2.5,-0.33333333333333326
298,0.2111111111111111,2.5,-0.5555555555555554
299,0.2111111111111111,2.5,-0.7777777777777777
300,0.2111111111111111,2.5,-1.0
301,0.26666666666666666,1.5,1.0
302,0.26666666666666666,1.5,0.7777777777777778
303,0.26666666666666666,1.5,0.5555555555555556
304,0.26666666666666666,1.5,0.33333333333333337
305,0.26666666666666666,1.5,0.11111111111111116
306,0.26666666666666666,1.5,-0.11111111111111116
307,0.26666666666666666,1.5,-0.33333333333333326
308,0.26666666666666666,1.5,-0.5555555555555554
309,0.26666666666666666,1.5,-0.7777777777777777
310,0.26666666666666666,1.5,-1.0
311,0.26666666666666666,1.6111111111111112,1.0
312,0.26666666666666666,1.6111111111111112,0.7777777777777778
313,0.26666666666666666,1.6111111111111112,0.5555555555555556
314,0.26666666666666666,1.6111111111111112,0.33333333333333337
315,0.26666666666666666,1.6111111111111112,0.11111111111111116
316,0.26666666666666666,1.6111111111111112,-0.11111111111111116
317,0.26666666666666666,1.6111111111111112,-0.33333333333333326
318,0.26666666666666666,1.6111111111111112,-0.5555555555555554
319,0.26666666666666666,1.6111111111111112,-0.7777777777777777
320,0.26666666666666666,1.6111111111111112,-1.0
321,0.26666666666666666,1.7222222222222223,1.0
322,0.26666666666666666,1.7222222222222223,0.7777777777777778
323,0.26666666666666666,1.7222222222222223,0.5555555555555556
324,0.26666666666666666,1.7222222222222223,0.33333333333333337
325,0.26666666666666666,1.7222222222222223,0.11111111111111116
326,0.26666666666666666,1.7222222222222223,-0.11111111111111116
327,0.26666666666666666,1.7222222222222223,-0.33333333333333326
328,0.26666666666666666,1.7222222222222223,-0.5555555555555554
329,0.26666666666666666,1.7222222222222223,-0.7777777777777777
330,0.26666666666666666,1.7222222222222223,-1.0
331,0.26666666666666666,1.8333333333333333,1.0
332,0.26666666666666666,1.8333333333333333,0.7777777777777778
333,0.26666666666666666,1.8333333333333333,0.5555555555555556
334,0.26666666666666666,1.8333333333333333,0.33333333333333337
335,0.26666666666666666,1.8333333333333333,0.11111111111111116
336,0.26666666666666666,1.8333333333333333,-0.11111111111111116
337,0.26666666666666666,1.8333333333333333,-0.33333333333333326
338,0.26666666666666666,1.8333333333333333,-0.5555555555555554
339,0.26666666666666666,1.8333333333333333,-0.7777777777777777
340,0.26666666666666666,1.8333333333333333,-1.0
341,0.26666666666666666,1.9444444444444444,1.0
342,0.26666666666666666,1.9444444444444444,0.7777777777777778
343,0.26666666666666666,1.9444444444444444,0.5555555555555556
344,0.26666666666666666,1.9444444444444444,0.33333333333333337
345,0.26666666666666666,1.9444444444444444,0.11111111111111116
346,0.26666666666666666,1.9444444444444444,-0.11111111111111116
347,0.26666666666666666,1.9444444444444444,-0.33333333333333326
348,0.26666666666666666,1.9444444444444444,-0.5555555555555554
349,0.26666666666666666,1.9444444444444444,-0.7777777777777777
350,0.26666666666666666,1.9444444444444444,-1.0
351,0.26666666666666666,2.0555555555555554,1.0
352,0.26666666666666666,2.0555555555555554,0.7777777777777778
353,0.26666666666666666,2.0555555555555554,0.5555555555555556
354,0.26666666666666666,2.0555555555555554,0.33333333333333337
355,0.26666666666666666,2.0555555555555554,0.11111111111111116
356,0.26666666666666666,2.0555555555555554,-0.11111111111111116
357,0.26666666666666666,2.0555555555555554,-0.33333333333333326
358,0.26666666666666666,2.0555555555555554,-0.5555555555555554
359,0.26666666666666666,2.0555555555555554,-0.7777777777777777
360,0.26666666666666666,2.0555555555555554,-1.0
361,0.26666666666666666,2.1666666666666665,1.0
362,0.26666666666666666,2.1666666666666665,0.7777777777777778
363,0.26666666666666666,2.1666666666666665,0.5555555555555556
364,0.26666666666666666,2.1666666666666665,0.33333333333333337
365,0.26666666666666666,2.1666666666666665,0.11111111111111116
366,0.26666666666666666,2.1666666666666665,-0.11111111111111116
367,0.26666666666666666,2.1666666666666665,-0.33333333333333326
368,0.26666666666666666,2.1666666666666665,-0.5555555555555554
369,0.26666666666666666,2.1666666666666665,-0.7777777777777777
370,0.26666666666666666,2.1666666666666665,-1.0
371,0.26666666666666666,2.2777777777777777,1.0
372,0.26666666666666666,2.2777777777777777,0.7777777777777778
373,0.26666666666666666,2.2777777777777777,0.5555555555555556
374,0.26666666666666666,2.2777777777777777,0.33333333333333337
375,0.26666666666666666,2.2777777777777777,0.11111111111111116
376,0.26666666666666666,2.2777777777777777,-0.11111111111111116
377,0.26666666666666666,2.2777777777777777,-0.33333333333333326
378,0.26666666666666666,2.2777777777777777,-0.5555555555555554
379,0.26666666666666666,2.2777777777777777,-0.7777777777777777
380,0.26666666666666666,2.2777777777777777,-1.0
381,0.26666666666666666,2.388888888888889,1.0
382,0.26666666666666666,2.388888888888889,0.7777777777777778
383,0.26666666666666666,2.388888888888889,0.5555555555555556
384,0.26666666666666666,2.388888888888889,0.33333333333333337
385,0.26666666666666666,2.388888888888889,0.11111111111111116
386,0.26666666666666666,2.388888888888889,-0.11111111111111116
387,0.26666666666666666,2.388888888888889,-0.33333333333333326
388,0.26666666666666666,2.388888888888889,-0.5555555555555554
389,0.26666666666666666,2.388888888888889,-0.7777777777777777
390,0.26666666666666666,2.388888888888889,-1.0
391,0.26666666666666666,2.5,1.0
392,0.26666666666666666,2.5,0.7777777777777778
393,0.26666666666666666,2.5,0.5555555555555556
394,0.26666666666666666,2.5,0.33333333333333337
395,0.26666666666666666,2.5,0.11111111111111116
396,0.26666666666666666,2.5,-0.11111111111111116
397,0.26666666666666666,2.5,-0.33333333333333326
398,0.26666666666666666,2.5,-0.5555555555555554
399,0.26666666666666666,2.5,-0.7777777777777777
400,0.26666666666666666,2.5,-1.0
401,0.3222222222222222,1.5,1.0
402,0.3222222222222222,1.5,0.7777777777777778
403,0.3222222222222222,1.5,0.5555555555555556
404,0.3222222222222222,1.5,0.33333333333333337
405,0.3222222222222222,1.5,0.11111111111111116
406,0.3222222222222222,1.5,-0.11111111111111116
407,0.3222222222222222,1.5,-0.33333333333333326
408,0.3222222222222222,1.5,-0.5555555555555554
409,0.3222222222222222,1.5,-0.7777777777777777
410,0.3222222222222222,1.5,-1.0
411,0.3222222222222222,1.6111111111111112,1.0
412,0.3222222222222222,1.6111111111111112,0.7777777777777778
413,0.3222222222222222,1.6111111111111112,0.5555555555555556
414,0.3222222222222222,1.6111111111111112,0.33333333333333337
415,0.3222222222222222,1.6111111111111112,0.11111111111111116
416,0.3222222222222222,1.6111111111111112,-0.11111111111111116
417,0.3222222222222222,1.6111111111111112,-0.33333333333333326
418,0.3222222222222222,1.6111111111111112,-0.5555555555555554
419,0.3222222222222222,1.6111111111111112,-0.7777777777777777
420,0.3222222222222222,1.6111111111111112,-1.0
421,0.3222222222222222,1.7222222222222223,1.0
422,0.3222222222222222,1.7222222222222223,0.7777777777777778
423,0.3222222222222222,1.7222222222222223,0.5555555555555556
424,0.3222222222222222,1.7222222222222223,0.33333333333333337
425,0.3222222222222222,1.7222222222222223,0.11111111111111116
426,0.3222222222222222,1.7222222222222223,-0.11111111111111116
427,0.3222222222222222,1.7222222222222223,-0.33333333333333326
428,0.3222222222222222,1.7222222222222223,-0.5555555555555554
429,0.3222222222222222,1.7222222222222223,-0.7777777777777777
430,0.3222222222222222,1.7222222222222223,-1.0
431,0.3222222222222222,1.8333333333333333,1.0
432,0.3222222222222222,1.8333333333333333,0.7777777777777778
433,0.3222222222222222,1.8333333333333333,0.5555555555555556
434,0.3222222222222222,1.8333333333333333,0.33333333333333337
435,0.3222222222222222,1.8333333333333333,0.11111111111111116
436,0.3222222222222222,1.8333333333333333,-0.11111111111111116
437,0.3222222222222222,1.8333333333333333,-0.33333333333333326
438,0.3222222222222222,1.8333333333333333,-0.5555555555555554
439,0.3222222222222222,1.8333333333333333,-0.7777777777777777
440,0.3222222222222222,1.8333333333333333,-1.0
441,0.3222222222222222,1.9444444444444444,1.0
442,0.3222222222222222,1.9444444444444444,0.7777777777777778
443,0.3222222222222222,1.9444444444444444,0.5555555555555556
444,0.3222222222222222,1.9444444444444444,0.33333333333333337
445,0.3222222222222222,1.9444444444444444,0.11111111111111116
446,0.3222222222222222,1.9444444444444444,-0.11111111111111116
447,0.3222222222222222,1.9444444444444444,-0.33333333333333326
448,0.3222222222222222,1.9444444444444444,-0.5555555555555554
449,0.3222222222222222,1.9444444444444444,-0.7777777777777777
450,0.3222222222222222,1.9444444444444444,-1.0
451,0.3222222222222222,2.0555555555555554,1.0
452,0.3222222222222222,2.0555555555555554,0.7777777777777778
453,0.3222222222222222,2.0555555555555554,0.5555555555555556
454,0.3222222222222222,2.0555555555555554,0.33333333333333337
455,0.3222222222222222,2.0555555555555554,0.11111111111111116
456,0.3222222222222222,2.0555555555555554,-0.11111111111111116
457,0.3222222222222222,2.0555555555555554,-0.33333333333333326
458,0.3222222222222222,2.0555555555555554,-0.5555555555555554
459,0.3222222222222222,2.0555555555555554,-0.7777777777777777
460,0.3222222222222222,2.0555555555555554,-1.0
461,0.3222222222222222,2.1666666666666665,1.0
462,0.3222222222222222,2.1666666666666665,0.7777777777777778
463,0.3222222222222222,2.1666666666666665,0.5555555555555556
464,0.3222222222222222,2.1666666666666665,0.33333333333333337
465,0.3222222222222222,2.1666666666666665,0.11111111111111116
466,0.3222222222222222,2.1666666666666665,-0.11111111111111116
467,0.3222222222222222,2.1666666666666665,-0.33333333333333326
468,0.3222222222222222,2.1666666666666665,-0.5555555555555554
469,0.3222222222222222,2.1666666666666665,-0.7777777777777777
470,0.3222222222222222,2.1666666666666665,-1.0
471,0.3222222222222222,2.2777777777777777,1.0
472,0.3222222222222222,2.2777777777777777,0.7777777777777778
473,0.3222222222222222,2.2777777777777777,0.5555555555555556
474,0.3222222222222222,2.2777777777777777,0.33333333333333337
475,0.3222222222222222,2.2777777777777777,0.11111111111111116
476,0.3222222222222222,2.2777777777777777,-0.11111111111111116
477,0.3222222222222222,2.2777777777777777,-0.33333333333333326
478,0.3222222222222222,2.2777777777777777,-0.5555555555555554
479,0.3222222222222222,2.2777777777777777,-0.7777777777777777
480,0.3222222222222222,2.2777777777777777,-1.0
481,0.3222222222222222,2.388888888888889,1.0
482,0.3222222222222222,2.388888888888889,0.7777777777777778
483,0.3222222222222222,2.388888888888889,0.5555555555555556
484,0.3222222222222222,2.388888888888889,0.33333333333333337
485,0.3222222222222222,2.388888888888889,0.11111111111111116
486,0.3222222222222222,2.388888888888889,-0.11111111111111116
487,0.3222222222222222,2.388888888888889,-0.33333333333333326
488,0.3222222222222222,2.388888888888889,-0.5555555555555554
489,0.3222222222222222,2.388888888888889,-0.7777777777777777
490,0.3222222222222222,2.388888888888889,-1.0
491,0.3222222222222222,2.5,1.0
492,0.3222222222222222,2.5,0.7777777777777778
493,0.3222222222222222,2.5,0.5555555555555556
494,0.3222222222222222,2.5,0.33333333333333337
495,0.3222222222222222,2.5,0.11111111111111116
496,0.3222222222222222,2.5,-0.11111111111111116
497,0.3222222222222222,2.5,-0.33333333333333326
498,0.3222222222222222,2.5,-0.5555555555555554
499,0.3222222222222222,2.5,-0.7777777777777777
500,0.3222222222222222,2.5,-1.0
501,0.37777777777777777,1.5,1.0
502,0.37777777777777777,1.5,0.7777777777777778
503,0.37777777777777777,1.5,0.5555555555555556
504,0.37777777777777777,1.5,0.33333333333333337
505,0.37777777777777777,1.5,0.11111111111111116
506,0.37777777777777777,1.5,-0.11111111111111116
507,0.37777777777777777,1.5,-0.33333333333333326
508,0.37777777777777777,1.5,-0.5555555555555554
509,0.37777777777777777,1.5,-0.7777777777777777
510,0.37777777777777777,1.5,-1.0
511,0.37777777777777777,1.6111111111111112,1.0
512,0.37777777777777777,1.6111111111111112,0.7777777777777778
513,0.37777777777777777,1.6111111111111112,0.5555555555555556
514,0.37777777777777777,1.6111111111111112,0.33333333333333337
515,0.37777777777777777,1.6111111111111112,0.11111111111111116
516,0.37777777777777777,1.6111111111111112,-0.11111111111111116
517,0.37777777777777777,1.6111111111111112,-0.33333333333333326
518,0.37777777777777777,1.6111111111111112,-0.5555555555555554
519,0.37777777777777777,1.6111111111111112,-0.7777777777777777
520,0.37777777777777777,1.6111111111111112,-1.0
521,0.37777777777777777,1.7222222222222223,1.0
522,0.37777777777777777,1.7222222222222223,0.7777777777777778
523,0.37777777777777777,1.7222222222222223,0.5555555555555556
524,0.37777777777777777,1.7222222222222223,0.33333333333333337
525,0.37777777777777777,1.7222222222222223,0.11111111111111116
526,0.37777777777777777,1.7222222222222223,-0.11111111111111116
527,0.37777777777777777,1.7222222222222223,-0.33333333333333326
528,0.37777777777777777,1.7222222222222223,-0.5555555555555554
529,0.37777777777777777,1.7222222222222223,-0.7777777777777777
530,0.37777777777777777,1.7222222222222223,-1.0
531,0.37777777777777777,1.8333333333333333,1.0
532,0.37777777777777777,1.8333333333333333,0.7777777777777778
533,0.37777777777777777,1.8333333333333333,0.5555555555555556
534,0.37777777777777777,1.8333333333333333,0.33333333333333337
535,0.37777777777777777,1.8333333333333333,0.11111111111111116
536,0.37777777777777777,1.8333333333333333,-0.11111111111111116
537,0.37777777777777777,1.8333333333333333,-0.33333333333333326
538,0.37777777777777777,1.8333333333333333,-0.5555555555555554
539,0.37777777777777777,1.8333333333333333,-0.7777777777777777
540,0.37777777777777777,1.8333333333333333,-1.0
541,0.37777777777777777,1.9444444444444444,1.0
542,0.37777777777777777,1.9444444444444444,0.7777777777777778
543,0.37777777777777777,1.9444444444444444,0.5555555555555556
544,0.37777777777777777,1.9444444444444444,0.33333333333333337
545,0.37777777777777777,1.9444444444444444,0.11111111111111116
546,0.37777777777777777,1.9444444444444444,-0.11111111111111116
547,0.37777777777777777,1.9444444444444444,-0.33333333333333326
548,0.37777777777777777,1.9444444444444444,-0.5555555555555554
549,0.37777777777777777,1.9444444444444444,-0.7777777777777777
550,0.37777777777777777,1.9444444444444444,-1.0
551,0.37777777777777777,2.0555555555555554,1.0
552,0.37777777777777777,2.0555555555555554,0.7777777777777778
553,0.37777777777777777,2.0555555555555554,0.5555555555555556
554,0.37777777777777777,2.0555555555555554,0.33333333333333337
555,0.37777777777777777,2.0555555555555554,0.11111111111111116
556,0.37777777777777777,2.0555555555555554,-0.11111111111111116
557,0.37777777777777777,2.0555555555555554,-0.33333333333333326
558,0.37777777777777777,2.0555555555555554,-0.5555555555555554
559,0.37777777777777777,2.0555555555555554,-0.7777777777777777
560,0.37777777777777777,2.0555555555555554,-1.0
561,0.37777777777777777,2.1666666666666665,1.0
562,0.37777777777777777,2.1666666666666665,0.7777777777777778
563,0.37777777777777777,2.1666666666666665,0.5555555555555556
564,0.37777777777777777,2.1666666666666665,0.33333333333333337
565,0.37777777777777777,2.1666666666666665,0.11111111111111116
566,0.37777777777777777,2.1666666666666665,-0.11111111111111116
567,0.37777777777777777,2.1666666666666665,-0.33333333333333326
568,0.37777777777777777,2.1666666666666665,-0.5555555555555554
569,0.37777777777777777,2.1666666666666665,-0.7777777777777777
570,0.37777777777777777,2.1666666666666665,-1.0
571,0.37777777777777777,2.2777777777777777,1.0
572,0.37777777777777777,2.2777777777777777,0.7777777777777778
573,0.37777777777777777,2.2777777777777777,0.5555555555555556
574,0.37777777777777777,2.2777777777777777,0.33333333333333337
575,0.37777777777777777,2.2777777777777777,0.11111111111111116
576,0.37777777777777777,2.2777777777777777,-0.11111111111111116
577,0.37777777777777777,2.2777777777777777,-0.33333333333333326
578,0.37777777777777777,2.2777777777777777,-0.5555555555555554
579,0.37777777777777777,2.2777777777777777,-0.7777777777777777
580,0.37777777777777777,2.2777777777777777,-1.0
581,0.37777777777777777,2.388888888888889,1.0
582,0.37777777777777777,2.388888888888889,0.7777777777777778
583,0.37777777777777777,2.388888888888889,0.5555555555555556
584,0.37777777777777777,2.388888888888889,0.33333333333333337
585,0.37777777777777777,2.388888888888889,0.11111111111111116
586,0.37777777777777777,2.388888888888889,-0.11111111111111116
587,0.37777777777777777,2.388888888888889,-0.33333333333333326
588,0.37777777777777777,2.388888888888889,-0.5555555555555554
589,0.37777777777777777,2.388888888888889,-0.7777777777777777
590,0.37777777777777777,2.388888888888889,-1.0
591,0.37777777777777777,2.5,1.0
592,0.37777777777777777,2.5,0.7777777777777778
593,0.37777777777777777,2.5,0.5555555555555556
594,0.37777777777777777,2.5,0.33333333333333337
595,0.37777777777777777,2.5,0.11111111111111116
596,0.37777777777777777,2.5,-0.11111111111111116
597,0.37777777777777777,2.5,-0.33333333333333326
598,0.37777777777777777,2.5,-0.5555555555555554
599,0.37777777777777777,2.5,-0.7777777777777777
600,0.37777777777777777,2.5,-1.0
601,0.43333333333333335,1.5,1.0
602,0.43333333333333335,1.5,0.7777777777777778
603,0.43333333333333335,1.5,0.5555555555555556
604,0.43333333333333335,1.5,0.33333333333333337
605,0.43333333333333335,1.5,0.11111111111111116
606,0.43333333333333335,1.5,-0.11111111111111116
607,0.43333333333333335,1.5,-0.33333333333333326
608,0.43333333333333335,1.5,-0.5555555555555554
609,0.43333333333333335,1.5,-0.7777777777777777
610,0.43333333333333335,1.5,-1.0
611,0.43333333333333335,1.6111111111111112,1.0
612,0.43333333333333335,1.6111111111111112,0.7777777777777778
613,0.43333333333333335,1.6111111111111112,0.5555555555555556
614,0.43333333333333335,1.6111111111111112,0.33333333333333337
615,0.43333333333333335,1.6111111111111112,0.11111111111111116
616,0.43333333333333335,1.6111111111111112,-0.11111111111111116
617,0.43333333333333335,1.6111111111111112,-0.33333333333333326
618,0.43333333333333335,1.6111111111111112,-0.5555555555555554
619,0.43333333333333335,1.6111111111111112,-0.7777777777777777
620,0.43333333333333335,1.6111111111111112,-1.0
621,0.43333333333333335,1.7222222222222223,1.0
622,0.43333333333333335,1.7222222222222223,0.7777777777777778
623,0.43333333333333335,1.7222222222222223,0.5555555555555556
624,0.43333333333333335,1.7222222222222223,0.33333333333333337
625,0.43333333333333335,1.7222222222222223,0.11111111111111116
626,0.43333333333333335,1.7222222222222223,-0.11111111111111116
627,0.43333333333333335,1.7222222222222223,-0.33333333333333326
628,0.43333333333333335,1.7222222222222223,-0.5555555555555554
629,0.43333333333333335,1.7222222222222223,-0.7777777777777777
630,0.43333333333333335,1.7222222222222223,-1.0
631,0.43333333333333335,1.8333333333333333,1.0
632,0.43333333333333335,1.8333333333333333,0.7777777777777778
633,0.43333333333333335,1.8333333333333333,0.5555555555555556
634,0.43333333333333335,1.8333333333333333,0.33333333333333337
635,0.43333333333333335,1.8333333333333333,0.11111111111111116
636,0.43333333333333335,1.8333333333333333,-0.11111111111111116
637,0.43333333333333335,1.8333333333333333,-0.33333333333333326
638,0.43333333333333335,1.8333333333333333,-0.5555555555555554
639,0.43333333333333335,1.8333333333333333,-0.7777777777777777
640,0.43333333333333335,1.8333333333333333,-1.0
641,0.43333333333333335,1.9444444444444444,1.0
642,0.43333333333333335,1.9444444444444444,0.7777777777777778
643,0.43333333333333335,1.9444444444444444,0.5555555555555556
644,0.43333333333333335,1.9444444444444444,0.33333333333333337
645,0.43333333333333335,1.9444444444444444,0.11111111111111116
646,0.43333333333333335,1.9444444444444444,-0.11111111111111116
647,0.43333333333333335,1.9444444444444444,-0.33333333333333326
648,0.43333333333333335,1.9444444444444444,-0.5555555555555554
649,0.43333333333333335,1.9444444444444444,-0.7777777777777777
650,0.43333333333333335,1.9444444444444444,-1.0
651,0.43333333333333335,2.0555555555555554,1.0
652,0.43333333333333335,2.0555555555555554,0.7777777777777778
653,0.43333333333333335,2.0555555555555554,0.5555555555555556
654,0.43333333333333335,2.0555555555555554,0.33333333333333337
655,0.43333333333333335,2.0555555555555554,0.11111111111111116
656,0.43333333333333335,2.0555555555555554,-0.11111111111111116
657,0.43333333333333335,2.0555555555555554,-0.33333333333333326
658,0.43333333333333335,2.0555555555555554,-0.5555555555555554
659,0.43333333333333335,2.0555555555555554,-0.7777777777777777
660,0.43333333333333335,2.0555555555555554,-1.0
661,0.43333333333333335,2.1666666666666665,1.0
662,0.43333333333333335,2.1666666666666665,0.7777777777777778
663,0.43333333333333335,2.1666666666666665,0.5555555555555556
664,0.43333333333333335,2.1666666666666665,0.33333333333333337
665,0.43333333333333335,2.1666666666666665,0.11111111111111116
666,0.43333333333333335,2.1666666666666665,-0.11111111111111116
667,0.43333333333333335,2.1666666666666665,-0.33333333333333326
668,0.43333333333333335,2.1666666666666665,-0.5555555555555554
669,0.43333333333333335,2.1666666666666665,-0.7777777777777777
670,0.43333333333333335,2.1666666666666665,-1.0
671,0.43333333333333335,2.2777777777777777,1.0
672,0.43333333333333335,2.2777777777777777,0.7777777777777778
673,0.43333333333333335,2.2777777777777777,0.5555555555555556
674,0.43333333333333335,2.2777777777777777,0.33333333333333337
675,0.43333333333333335,2.2777777777777777,0.11111111111111116
676,0.43333333333333335,2.2777777777777777,-0.11111111111111116
677,0.43333333333333335,2.2777777777777777,-0.33333333333333326
678,0.43333333333333335,2.2777777777777777,-0.5555555555555554
679,0.43333333333333335,2.2777777777777777,-0.7777777777777777
680,0.43333333333333335,2.2777777777777777,-1.0
681,0.43333333333333335,2.388888888888889,1.0
682,0.43333333333333335,2.388888888888889,0.7777777777777778
683,0.43333333333333335,2.388888888888889,0.5555555555555556
684,0.43333333333333335,2.388888888888889,0.33333333333333337
685,0.43333333333333335,2.388888888888889,0.11111111111111116
686,0.43333333333333335,2.388888888888889,-0.11111111111111116
687,0.43333333333333335,2.388888888888889,-0.33333333333333326
688,0.43333333333333335,2.388888888888889,-0.5555555555555554
689,0.43333333333333335,2.388888888888889,-0.7777777777777777
690,0.43333333333333335,2.388888888888889,-1.0
691,0.43333333333333335,2.5,1.0
692,0.43333333333333335,2.5,0.7777777777777778
693,0.43333333333333335,2.5,0.5555555555555556
694,0.43333333333333335,2.5,0.33333333333333337
695,0.43333333333333335,2.5,0.11111111111111116
696,0.43333333333333335,2.5,-0.11111111111111116
697,0.43333333333333335,2.5,-0.33333333333333326
698,0.43333333333333335,2.5,-0.5555555555555554
699,0.43333333333333335,2.5,-0.7777777777777777
700,0.43333333333333335,2.5,-1.0
701,0.4888888888888888,1.5,1.0
702,0.4888888888888888,1.5,0.7777777777777778
703,0.4888888888888888,1.5,0.5555555555555556
704,0.4888888888888888,1.5,0.33333333333333337
705,0.4888888888888888,1.5,0.11111111111111116
706,0.4888888888888888,1.5,-0.11111111111111116
707,0.4888888888888888,1.5,-0.33333333333333326
708,0.4888888888888888,1.5,-0.5555555555555554
709,0.4888888888888888,1.5,-0.7777777777777777
710,0.4888888888888888,1.5,-1.0
711,0.4888888888888888,1.6111111111111112,1.0
712,0.4888888888888888,1.6111111111111112,0.7777777777777778
713,0.4888888888888888,1.6111111111111112,0.5555555555555556
714,0.4888888888888888,1.6111111111111112,0.33333333333333337
715,0.4888888888888888,1.6111111111111112,0.11111111111111116
716,0.4888888888888888,1.6111111111111112,-0.11111111111111116
717,0.4888888888888888,1.6111111111111112,-0.33333333333333326
718,0.4888888888888888,1.6111111111111112,-0.5555555555555554
719,0.4888888888888888,1.6111111111111112,-0.7777777777777777
720,0.4888888888888888,1.6111111111111112,-1.0
721,0.4888888888888888,1.7222222222222223,1.0
722,0.4888888888888888,1.7222222222222223,0.7777777777777778
723,0.4888888888888888,1.7222222222222223,0.5555555555555556
724,0.4888888888888888,1.7222222222222223,0.33333333333333337
725,0.4888888888888888,1.7222222222222223,0.11111111111111116
726,0.4888888888888888,1.7222222222222223,-0.11111111111111116
727,0.4888888888888888,1.7222222222222223,-0.33333333333333326
728,0.4888888888888888,1.7222222222222223,-0.5555555555555554
729,0.4888888888888888,1.7222222222222223,-0.7777777777777777
730,0.4888888888888888,1.7222222222222223,-1.0
731,0.4888888888888888,1.8333333333333333,1.0
732,0.4888888888888888,1.8333333333333333,0.7777777777777778
733,0.4888888888888888,1.8333333333333333,0.5555555555555556
734,0.4888888888888888,1.8333333333333333,0.33333333333333337
735,0.4888888888888888,1.8333333333333333,0.11111111111111116
736,0.4888888888888888,1.8333333333333333,-0.11111111111111116
737,0.4888888888888888,1.8333333333333333,-0.33333333333333326
738,0.4888888888888888,1.8333333333333333,-0.5555555555555554
739,0.4888888888888888,1.8333333333333333,-0.7777777777777777
740,0.4888888888888888,1.8333333333333333,-1.0
741,0.4888888888888888,1.9444444444444444,1.0
742,0.4888888888888888,1.9444444444444444,0.7777777777777778
743,0.4888888888888888,1.9444444444444444,0.5555555555555556
744,0.4888888888888888,1.9444444444444444,0.33333333333333337
745,0.4888888888888888,1.9444444444444444,0.11111111111111116
746,0.4888888888888888,1.9444444444444444,-0.11111111111111116
747,0.4888888888888888,1.9444444444444444,-0.33333333333333326
748,0.4888888888888888,1.9444444444444444,-0.5555555555555554
749,0.4888888888888888,1.9444444444444444,-0.7777777777777777
750,0.4888888888888888,1.9444444444444444,-1.0
751,0.4888888888888888,2.0555555555555554,1.0
752,0.4888888888888888,2.0555555555555554,0.7777777777777778
753,0.4888888888888888,2.0555555555555554,0.5555555555555556
754,0.4888888888888888,2.0555555555555554,0.33333333333333337
755,0.4888888888888888,2.0555555555555554,0.11111111111111116
756,0.4888888888888888,2.0555555555555554,-0.11111111111111116
757,0.4888888888888888,2.0555555555555554,-0.33333333333333326
758,0.4888888888888888,2.0555555555555554,-0.5555555555555554
759,0.4888888888888888,2.0555555555555554,-0.7777777777777777
760,0.4888888888888888,2.0555555555555554,-1.0
761,0.4888888888888888,2.1666666666666665,1.0
762,0.4888888888888888,2.1666666666666665,0.7777777777777778
763,0.4888888888888888,2.1666666666666665,0.5555555555555556
764,0.4888888888888888,2.1666666666666665,0.33333333333333337
765,0.4888888888888888,2.1666666666666665,0.11111111111111116
766,0.4888888888888888,2.1666666666666665,-0.11111111111111116
767,0.4888888888888888,2.1666666666666665,-0.33333333333333326
768,0.4888888888888888,2.1666666666666665,-0.5555555555555554
769,0.4888888888888888,2.1666666666666665,-0.7777777777777777
770,0.4888888888888888,2.1666666666666665,-1.0
771,0.4888888888888888,2.2777777777777777,1.0
772,0.4888888888888888,2.2777777777777777,0.7777777777777778
773,0.4888888888888888,2.2777777777777777,0.5555555555555556
774,0.4888888888888888,2.2777777777777777,0.33333333333333337
775,0.4888888888888888,2.2777777777777777,0.11111111111111116
776,0.4888888888888888,2.2777777777777777,-0.11111111111111116
777,0.4888888888888888,2.2777777777777777,-0.33333333333333326
778,0.4888888888888888,2.2777777777777777,-0.5555555555555554
779,0.4888888888888888,2.2777777777777777,-0.7777777777777777
780,0.4888888888888888,2.2777777777777777,-1.0
781,0.4888888888888888,2.388888888888889,1.0
782,0.4888888888888888,2.388888888888889,0.7777777777777778
783,0.4888888888888888,2.388888888888889,0.5555555555555556
784,0.4888888888888888,2.388888888888889,0.33333333333333337
785,0.4888888888888888,2.388888888888889,0.11111111111111116
786,0.4888888888888888,2.388888888888889,-0.11111111111111116
787,0.4888888888888888,2.388888888888889,-0.33333333333333326
788,0.4888888888888888,2.388888888888889,-0.5555555555555554
789,0.4888888888888888,2.388888888888889,-0.7777777777777777
790,0.4888888888888888,2.388888888888889,-1.0
791,0.4888888888888888,2.5,1.0
792,0.4888888888888888,2.5,0.7777777777777778
793,0.4888888888888888,2.5,0.5555555555555556
794,0.4888888888888888,2.5,0.33333333333333337
795,0.4888888888888888,2.5,0.11111111111111116
796,0.4888888888888888,2.5,-0.11111111111111116
797,0.4888888888888888,2.5,-0.33333333333333326
798,0.4888888888888888,2.5,-0.5555555555555554
799,0.4888888888888888,2.5,-0.7777777777777777
800,0.4888888888888888,2.5,-1.0
801,0.5444444444444444,1.5,1.0
802,0.5444444444444444,1.5,0.7777777777777778
803,0.5444444444444444,1.5,0.5555555555555556
804,0.5444444444444444,1.5,0.33333333333333337
805,0.5444444444444444,1.5,0.11111111111111116
806,0.5444444444444444,1.5,-0.11111111111111116
807,0.5444444444444444,1.5,-0.33333333333333326
808,0.5444444444444444,1.5,-0.5555555555555554
809,0.5444444444444444,1.5,-0.7777777777777777
810,0.5444444444444444,1.5,-1.0
811,0.5444444444444444,1.6111111111111112,1.0
812,0.5444444444444444,1.6111111111111112,0.7777777777777778
813,0.5444444444444444,1.6111111111111112,0.5555555555555556
814,0.5444444444444444,1.6111111111111112,0.33333333333333337
815,0.5444444444444444,1.6111111111111112,0.11111111111111116
816,0.5444444444444444,1.6111111111111112,-0.11111111111111116
817,0.5444444444444444,1.6111111111111112,-0.33333333333333326
818,0.5444444444444444,1.6111111111111112,-0.5555555555555554
819,0.5444444444444444,1.6111111111111112,-0.7777777777777777
820,0.5444444444444444,1.6111111111111112,-1.0
821,0.5444444444444444,1.7222222222222223,1.0
822,0.5444444444444444,1.7222222222222223,0.7777777777777778
823,0.5444444444444444,1.7222222222222223,0.5555555555555556
824,0.5444444444444444,1.7222222222222223,0.33333333333333337
825,0.5444444444444444,1.7222222222222223,0.11111111111111116
826,0.5444444444444444,1.7222222222222223,-0.11111111111111116
827,0.5444444444444444,1.7222222222222223,-0.33333333333333326
828,0.5444444444444444,1.7222222222222223,-0.5555555555555554
829,0.5444444444444444,1.7222222222222223,-0.7777777777777777
830,0.5444444444444444,1.7222222222222223,-1.0
831,0.5444444444444444,1.8333333333333333,1.0
832,0.5444444444444444,1.8333333333333333,0.7777777777777778
833,0.5444444444444444,1.8333333333333333,0.5555555555555556
834,0.5444444444444444,1.8333333333333333,0.33333333333333337
835,0.5444444444444444,1.8333333333333333,0.11111111111111116
836,0.5444444444444444,1.8333333333333333,-0.11111111111111116
837,0.5444444444444444,1.8333333333333333,-0.33333333333333326
838,0.5444444444444444,1.8333333333333333,-0.5555555555555554
839,0.5444444444444444,1.8333333333333333,-0.7777777777777777
840,0.5444444444444444,1.8333333333333333,-1.0
841,0.5444444444444444,1.9444444444444444,1.0
842,0.5444444444444444,1.9444444444444444,0.7777777777777778
843,0.5444444444444444,1.9444444444444444,0.5555555555555556
844,0.5444444444444444,1.9444444444444444,0.33333333333333337
845,0.5444444444444444,1.9444444444444444,0.11111111111111116
846,0.5444444444444444,1.9444444444444444,-0.11111111111111116
847,0.5444444444444444,1.9444444444444444,-0.33333333333333326
848,0.5444444444444444,1.9444444444444444,-0.5555555555555554
849,0.5444444444444444,1.9444444444444444,-0.7777777777777777
850,0.5444444444444444,1.9444444444444444,-1.0
851,0.5444444444444444,2.0555555555555554,1.0
852,0.5444444444444444,2.0555555555555554,0.7777777777777778
853,0.5444444444444444,2.0555555555555554,0.5555555555555556
854,0.5444444444444444,2.0555555555555554,0.33333333333333337
855,0.5444444444444444,2.0555555555555554,0.11111111111111116
856,0.5444444444444444,2.0555555555555554,-0.11111111111111116
857,0.5444444444444444,2.0555555555555554,-0.33333333333333326
858,0.5444444444444444,2.0555555555555554,-0.5555555555555554
859,0.5444444444444444,2.0555555555555554,-0.7777777777777777
860,0.5444444444444444,2.0555555555555554,-1.0
861,0.5444444444444444,2.1666666666666665,1.0
862,0.5444444444444444,2.1666666666666665,0.7777777777777778
863,0.5444444444444444,2.1666666666666665,0.5555555555555556
864,0.5444444444444444,2.1666666666666665,0.33333333333333337
865,0.5444444444444444,2.1666666666666665,0.11111111111111116
866,0.5444444444444444,2.1666666666666665,-0.11111111111111116
867,0.5444444444444444,2.1666666666666665,-0.33333333333333326
868,0.5444444444444444,2.1666666666666665,-0.5555555555555554
869,0.5444444444444444,2.1666666666666665,-0.7777777777777777
870,0.5444444444444444,2.1666666666666665,-1.0
871,0.5444444444444444,2.2777777777777777,1.0
872,0.5444444444444444,2.2777777777777777,0.7777777777777778
873,0.5444444444444444,2.2777777777777777,0.5555555555555556
874,0.5444444444444444,2.2777777777777777,0.33333333333333337
875,0.5444444444444444,2.2777777777777777,0.11111111111111116
876,0.5444444444444444,2.2777777777777777,-0.11111111111111116
877,0.5444444444444444,2.2777777777777777,-0.33333333333333326
878,0.5444444444444444,2.2777777777777777,-0.5555555555555554
879,0.5444444444444444,2.2777777777777777,-0.7777777777777777
880,0.5444444444444444,2.2777777777777777,-1.0
881,0.5444444444444444,2.388888888888889,1.0
882,0.5444444444444444,2.388888888888889,0.7777777777777778
883,0.5444444444444444,2.388888888888889,0.5555555555555556
884,0.5444444444444444,2.388888888888889,0.33333333333333337
885,0.5444444444444444,2.388888888888889,0.11111111111111116
886,0.5444444444444444,2.388888888888889,-0.11111111111111116
887,0.5444444444444444,2.388888888888889,-0.33333333333333326
888,0.5444444444444444,2.388888888888889,-0.5555555555555554
889,0.5444444444444444,2.388888888888889,-0.7777777777777777
890,0.5444444444444444,2.388888888888889,-1.0
891,0.5444444444444444,2.5,1.0
892,0.5444444444444444,2.5,0.7777777777777778
893,0.5444444444444444,2.5,0.5555555555555556
894,0.5444444444444444,2.5,0.33333333333333337
895,0.5444444444444444,2.5,0.11111111111111116
896,0.5444444444444444,2.5,-0.11111111111111116
897,0.5444444444444444,2.5,-0.33333333333333326
898,0.5444444444444444,2.5,-0.5555555555555554
899,0.5444444444444444,2.5,-0.7777777777777777
900,0.5444444444444444,2.5,-1.0
901,0.6,1.5,1.0
902,0.6,1.5,0.7777777777777778
903,0.6,1.5,0.5555555555555556
904,0.6,1.5,0.33333333333333337
905,0.6,1.5,0.11111111111111116
906,0.6,1.5,-0.11111111111111116
907,0.6,1.5,-0.33333333333333326
908,0.6,1.5,-0.5555555555555554
909,0.6,1.5,-0.7777777777777777
910,0.6,1.5,-1.0
911,0.6,1.6111111111111112,1.0
912,0.6,1.6111111111111112,0.7777777777777778
913,0.6,1.6111111111111112,0.5555555555555556
914,0.6,1.6111111111111112,0.33333333333333337
915,0.6,1.6111111111111112,0.11111111111111116
916,0.6,1.6111111111111112,-0.11111111111111116
917,0.6,1.6111111111111112,-0.33333333333333326
918,0.6,1.6111111111111112,-0.5555555555555554
919,0.6,1.6111111111111112,-0.7777777777777777
920,0.6,1.6111111111111112,-1.0
921,0.6,1.7222222222222223,1.0
922,0.6,1.7222222222222223,0.7777777777777778
923,0.6,1.7222222222222223,0.5555555555555556
924,0.6,1.7222222222222223,0.33333333333333337
925,0.6,1.7222222222222223,0.11111111111111116
926,0.6,1.7222222222222223,-0.11111111111111116
927,0.6,1.7222222222222223,-0.33333333333333326
928,0.6,1.7222222222222223,-0.5555555555555554
929,0.6,1.7222222222222223,-0.7777777777777777
930,0.6,1.7222222222222223,-1.0
931,0.6,1.8333333333333333,1.0
932,0.6,1.8333333333333333,0.7777777777777778
933,0.6,1.8333333333333333,0.5555555555555556
934,0.6,1.8333333333333333,0.33333333333333337
935,0.6,1.8333333333333333,0.11111111111111116
936,0.6,1.8333333333333333,-0.11111111111111116
937,0.6,1.8333333333333333,-0.33333333333333326
938,0.6,1.8333333333333333,-0.5555555555555554
939,0.6,1.8333333333333333,-0.7777777777777777
940,0.6,1.8333333333333333,-1.0
941,0.6,1.9444444444444444,1.0
942,0.6,1.9444444444444444,0.7777777777777778
943,0.6,1.9444444444444444,0.5555555555555556
944,0.6,1.9444444444444444,0.33333333333333337
945,0.6,1.9444444444444444,0.11111111111111116
946,0.6,1.9444444444444444,-0.11111111111111116
947,0.6,1.9444444444444444,-0.33333333333333326
948,0.6,1.9444444444444444,-0.5555555555555554
949,0.6,1.9444444444444444,-0.7777777777777777
950,0.6,1.9444444444444444,-1.0
951,0.6,2.0555555555555554,1.0
952,0.6,2.0555555555555554,0.7777777777777778
953,0.6,2.0555555555555554,0.5555555555555556
954,0.6,2.0555555555555554,0.33333333333333337
955,0.6,2.0555555555555554,0.11111111111111116
956,0.6,2.0555555555555554,-0.11111111111111116
957,0.6,2.0555555555555554,-0.33333333333333326
958,0.6,2.0555555555555554,-0.5555555555555554
959,0.6,2.0555555555555554,-0.7777777777777777
960,0.6,2.0555555555555554,-1.0
961,0.6,2.1666666666666665,1.0
962,0.6,2.1666666666666665,0.7777777777777778
963,0.6,2.1666666666666665,0.5555555555555556
964,0.6,2.1666666666666665,0.33333333333333337
965,0.6,2.1666666666666665,0.11111111111111116
966,0.6,2.1666666666666665,-0.11111111111111116
967,0.6,2.1666666666666665,-0.33333333333333326
968,0.6,2.1666666666666665,-0.5555555555555554
969,0.6,2.1666666666666665,-0.7777777777777777
970,0.6,2.1666666666666665,-1.0
971,0.6,2.2777777777777777,1.0
972,0.6,2.2777777777777777,0.7777777777777778
973,0.6,2.2777777777777777,0.5555555555555556
974,0.6,2.2777777777777777,0.33333333333333337
975,0.6,2.2777777777777777,0.11111111111111116
976,0.6,2.2777777777777777,-0.11111111111111116
977,0.6,2.2777777777777777,-0.33333333333333326
978,0.6,2.2777777777777777,-0.5555555555555554
979,0.6,2.2777777777777777,-0.7777777777777777
980,0.6,2.2777777777777777,-1.0
981,0.6,2.388888888888889,1.0
982,0.6,2.388888888888889,0.7777777777777778
983,0.6,2.388888888888889,0.5555555555555556
984,0.6,2.388888888888889,0.33333333333333337
985,0.6,2.388888888888889,0.11111111111111116
986,0.6,2.388888888888889,-0.11111111111111116
987,0.6,2.388888888888889,-0.33333333333333326
988,0.6,2.388888888888889,-0.5555555555555554
989,0.6,2.388888888888889,-0.7777777777777777
990,0.6,2.388888888888889,-1.0
991,0.6,2.5,1.0
992,0.6,2.5,0.7777777777777778
993,0.6,2.5,0.5555555555555556
994,0.6,2.5,0.33333333333333337
995,0.6,2.5,0.11111111111111116
996,0.6,2.5,-0.11111111111111116
997,0.6,2.5,-0.33333333333333326
998,0.6,2.5,-0.5555555555555554
999,0.6,2.5,-0.7777777777777777
1000,0.6,2.5,-1.0
